<?xml version="1.0" encoding="UTF-8"?>
<configurationDescriptor version="69">
  <logicalFolder name="root" displayName="root" projectFiles="true">
    <df name="pjIceSample" root=".">
      <in>iceSample.c</in>
      <in>icedemo.c</in>
      <in>rsComm.c</in>
      <in>rsComm.h</in>
      <in>sample.c</in>
    </df>
    <logicalFolder name="ExternalFiles"
                   displayName="Important Files"
                   projectFiles="false"
                   kind="IMPORTANT_FILES_FOLDER">
      <itemPath>Makefile</itemPath>
      <itemPath>Makefile-pjIceSample.mk</itemPath>
    </logicalFolder>
  </logicalFolder>
  <sourceRootList>
    <Elem>.</Elem>
  </sourceRootList>
  <projectmakefile>Makefile-pjIceSample.mk</projectmakefile>
  <confs>
    <conf name="Default" type="0">
      <toolsSet>
        <developmentServer>localhost</developmentServer>
        <compilerSet>GNU|GNU</compilerSet>
        <platform>2</platform>
      </toolsSet>
      <makefileType>
        <makeTool>
          <buildCommandWorkingDir>.</buildCommandWorkingDir>
          <buildCommand>$(MAKE) -f Makefile</buildCommand>
          <cleanCommand>$(MAKE) -f Makefile clean</cleanCommand>
          <executablePath>./myapp</executablePath>
        </makeTool>
      </makefileType>
    </conf>
    <conf name="Debug" type="0">
      <toolsSet>
        <developmentServer>localhost</developmentServer>
        <compilerSet>GNU|GNU</compilerSet>
        <platform>2</platform>
      </toolsSet>
      <makefileType>
        <makeTool>
          <buildCommandWorkingDir>.</buildCommandWorkingDir>
          <buildCommand>$(MAKE) -f Makefile</buildCommand>
          <cleanCommand>$(MAKE) -f Makefile clean</cleanCommand>
          <executablePath>./myapp</executablePath>
        </makeTool>
      </makefileType>
    </conf>
  </confs>
</configurationDescriptor>
