<?xml version="1.0" encoding="UTF-8"?>
<!-- 
This is a mail template.
"subject" and "body" content should be written with FreeMarker syntax.
The following variables are available in the templates :
   * base_url : "http://host:port/"
   * application : ApplicationID
   * publisher : The publisher (MUserBean)
   * recipient : The suscriber (MuserBean)
   * publication : The object published, with all data and predicates as attributes.
   * predicate : Predicat 
-->
<mail-template>

    <subject>[myMed/${application}] Nouvelle publication</subject>

    <body><![CDATA[
        Bonjour ${recipient.name},<br>
        <br>
        
        Une nouvelle publication est disponible sur la plateforme myMed.<br>
        Application : ${application}<br>
        <br>
        
        Auteur : ${publisher.name}<br>
        Publication :
        <ul>
            <#list publication?keys as key>
                <li><b>${key}</b> : ${publication[key]}</li>
            </#list>
        </ul>
        
        --<br>
    
        L'&eacute;quipe myMed<br>
]]></body>
</mail-template>