<?xml version="1.0" encoding="UTF-8"?>
<!-- 
This is a mail template.
"subject" and "body" content should be written with FreeMarker syntax.
The following variables are available in the templates :
   * base_url : "http://host:port/"
   * application : ApplicationID
   * publisher : The publisher (MUserBean)
   * recipient : The suscriber (MuserBean)
   * publication : The object published, with all data and predicates as attributes.
   * predicate : Predicat de recherche
-->
<mail-template>

    <subject>[${application}(myMed)] Nouvelle publication</subject>

    <body><![CDATA[
        Bonjour ${recipient.name},<br>
        <br>
        Une nouvelle publication est disponible sur MyEuroCIN admin:<br>
        <b>Auteur</b> : ${publisher.name}<br>
        <b>Titre</b>: ${publication.text}<br>
        
        Rendez vous sur <a href="${base_url}application/myEuroCINAdmin/">l'interface admin de MyEuroCIN</a> 
        pour approuver ou rejeter cette publication.<br>
       
        --<br>
    
        L'équipe MyMed<br>
        Cliquez <a href="${base_url}application/myEuroCINAdmin/?predicate=${predicate}&application=MyEuroCIN_ADMIN&userID=${recipient.id}">ici</a> pour vous désabonner.
]]></body>
</mail-template>