<?xml version="1.0" encoding="UTF-8"?>
<!-- 
This is a mail template.
"subject" and "body" content should be written with FreeMarker syntax.
The following variables are available in the templates :
   * base_url : "http://host:port/"
   * application : ApplicationID
   * publisher : The publisher (MUserBean)
   * recipient : The suscriber (MuserBean)
   * publication : The object published, with all data and predicates as attributes.
   * predicate : Predicat 
-->
<mail-template>

    <subject>[${application}] Nouveau projet</subject>

    <body><![CDATA[
        Bonjour ${recipient.name},<br>
        <br>
        
        Une nouvel appel &agrave; partenaires est disponible sur ${application} 
        <#if publication['id']??>
        	<a href="${base_url}${application}/?action=details&id=${publication['id']}">${base_url}${application}/?action=details&id=${publication['id']}</a><br>
        </#if>
        <br>
        
        Auteur:
        <#if publisher??>
        	${publisher.name}, <a href="mailto:${publisher.email}">${publisher.email}</a>
        <#else>
        	non pr&eacute;cis&eacute;
        </#if>
        <br>
        Titre: ${publication['title']!'N/A'}
        <br>
        Mot-cl&eacute;s: ${publication['keywords']!'N/A'}
        <br>
        <br>
        --<br>
    
        L'&eacute;quipe myMed<br>
        Cliquez <a href="${base_url}${application}/?action=unsubscribe&id=${predicate}&application=${namespace}">ici</a> pour vous d&eacute;sabonner.
]]></body>
</mail-template>