<?xml version="1.0" encoding="UTF-8"?>
<!-- 
This is a mail template.
"subject" and "body" content should be written with FreeMarker syntax.
The following variables are available in the templates :
   * base_url : "http://host:port/"
   * application : ApplicationID
   * publisher : The publisher (MUserBean)
   * recipient : The suscriber (MuserBean)
   * publication : The object published, with all data and predicates as attributes.
   * predicate : Predicat 
-->
<mail-template>

    <subject>[${application}] Partenariat</subject>

    <body><![CDATA[
        Bonjour ${recipient.name},<br>
        <br>
        L'utilisateur 
        <#if publisher??>
        	${publisher.name}, <a href="mailto:${publisher.email}">${publisher.email}</a>
        <#else>
        	non pr&eacute;cis&eacute;
        </#if>
        demande &agrave; joindre votre <a href="${base_url}${application}/?action=Details&id=${predicate}">appel &agrave; partenaire</a> <br>
        <br>
        <br>
        <br>
        <#if publisher??>
      		<a href="${base_url}${application}/?action=Details&method=update&id=${predicate}&accept=${publisher.id}">Pour accepter cette demande, cliquez ce lien</a>
      	 </#if>
      	<br>
       
        --<br>
    
        L'&eacute;quipe myMed<br>
        Cliquez <a href="${base_url}${application}/?action=unsubscribe&application=${namespace}&id=${predicate}">ici</a> pour vous d&eacute;sabonner.
]]></body>
</mail-template>