<?xml version="1.0" encoding="UTF-8"?>
<!-- 
This is a mail template.
"subject" and "body" content should be written with FreeMarker syntax.
The following variables are available in the templates :
   * base_url : "http://host:port/"
   * application : ApplicationID
   * publisher : The publisher (MUserBean)
   * recipient : The suscriber (MuserBean)
   * publication : The object published, with all data and predicates as attributes.
   * predicate : Predicat 
-->
<mail-template>

    <subject>[${application}] Nouvel utilisateur inscrit</subject>

    <body><![CDATA[
        Bonjour ${recipient.name},<br>
        <br>
        
        Un nouvel utilisateur vient de s'inscrire sur ${application}<br>
        Informations :
        <ul>
            <#list publication?keys as key>
            	<#if key != 'keywords' && key != 'id' && key != 'user' && key != 'profile'>
					<li><b>${key}</b>: ${publication[key]!'N/A'}</li>
				</#if>
			</#list>
        </ul>
        
        Prenez contact avec celui-ci afin de confirmer son identit&eacute; puis autoriser sa participation &agrave; ${application} 
        en vous rendant sur l'interface Admin:
        <a href="${base_url}${application}/?action=Admin">
	        	${base_url}${application}/?action=Admin
	        </a>
	    <br>
        --<br>
    
        L'&eacute;quipe myMed<br>
        Cliquez <a href="${base_url}${application}/?action=unsubscribe&application=${namespace}&id=${predicate}">ici</a> pour vous d&eacute;sabonner.
]]></body>
</mail-template>