<?xml version="1.0" encoding="UTF-8"?>
<!-- 
This is a mail template.
"subject" and "body" content should be written with FreeMarker syntax.
The following variables are available in the templates :
   * base_url : "http://host:port/"
   * application : ApplicationID
   * publisher : The publisher (MUserBean)
   * recipient : The suscriber (MuserBean)
   * publication : The object published, with all data and predicates as attributes.
   * predicate : Predicat 
-->
<mail-template>

	

    <subject>[${application}] Nouveau commentaire</subject>

    <body><![CDATA[
        Bonjour ${recipient.name},<br>
        <br>
        <#assign blog =  predicates[0]?substring(predicates[0]?index_of("blogs")+5, predicates[0]?index_of("comments"))>  
        
        Un nouveau commentaire a &eacute;t&eacute; publi&eacute; sur le blog <a href="${base_url}${application}/?action=blog&id=${blog}">${blog}</a><br><br>
       	
       	<#list publication?keys as key>
       		<#assign map = publication[key]?eval>
       		<span style="margin-left: 1em;">${map.text} 
       		&ndash; ${map.user?substring(6)}</span>
		</#list>
        <br><br>
        --<br>
    
        L'&eacute;quipe myMed<br>
        Cliquez <a href="${base_url}${application}/?action=unsubscribe&id=${predicate}&application=${namespace}">ici</a> pour vous d&eacute;sabonner.
]]></body>
</mail-template>